Time,F_in,F_out
19:26:45,0.004021429,0.030570934
19:26:46,0.0037,0.029878893
19:26:47,0.004021429,0.030570934
19:26:48,0.004407143,0.030397924
19:26:49,0.004064286,0.030294118
19:26:50,0.004039286,0.030017301
19:26:51,0.004025,0.030432526
19:26:52,0.004021429,0.030155709
19:26:53,0.004364286,0.030882353
19:26:54,0.0037,0.029878893
19:26:55,0.0037,0.030726644
19:26:56,0.004042857,0.031211073
19:26:57,0.0034,0.030605536
19:26:58,0.004060714,0.030743945
19:26:59,0.004021429,0.031038062
19:27:00,0.0034,0.030588235
19:27:08,0.0034,0.030294118
19:27:10,0.004021429,0.03
19:27:12,0.004407143,0.030276817
19:27:13,0.004064286,0.030743945
19:27:14,0.004042857,0.030294118
19:27:15,0.004382143,0.030588235
19:27:16,0.004039286,0.030882353
19:27:17,0.003717857,0.030588235
19:27:18,0.004021429,0.030588235
19:27:19,0.004407143,0.030415225
19:27:20,0.004064286,0.030415225
19:27:21,0.004039286,0.030259516
19:27:22,0.003735714,0.03
19:27:23,0.004025,0.030432526
19:27:24,0.004428571,0.03
19:27:25,0.004025,0.030553633
19:27:26,0.004042857,0.030397924
19:27:27,0.004367857,0.030726644
19:27:28,0.004064286,0.030588235
19:27:29,0.003739286,0.029861592
19:27:30,0.004042857,0.030121107
19:27:31,0.004403571,0.030709343
19:27:32,0.004403571,0.029878893
19:27:33,0.004367857,0.029965398
19:27:34,0.004039286,0.030709343
19:27:35,0.004367857,0.030259516
19:27:36,0.004753571,0.029861592
19:27:37,0.004403571,0.030103806
19:27:38,0.004403571,0.030259516
19:27:39,0.004732143,0.029982699
19:27:40,0.004389286,0.029982699
19:27:41,0.00475,0.030259516
19:27:42,0.004710714,0.030259516
19:27:43,0.004728571,0.029844291
19:27:44,0.003678571,0.030259516
19:27:45,0.004382143,0.030709343
19:27:46,0.004714286,0.030103806
19:27:47,0.004042857,0.030397924
19:27:48,0.004382143,0.030276817
19:27:49,0.005071429,0.029567474
19:27:50,0.004064286,0.03083045
19:27:51,0.004425,0.030242215
19:27:52,0.004728571,0.030259516
19:27:53,0.004367857,0.029723183
19:27:54,0.004060714,0.030103806
19:27:55,0.004403571,0.030086505
19:27:56,0.004064286,0.031297578
19:27:57,0.004042857,0.031608997
19:27:58,0.004407143,0.03115917
19:27:58,0.004060714,0.030570934
19:27:59,0.004382143,0.030692042
19:28:00,0.004039286,0.030553633
19:28:01,0.003678571,0.030986159
19:28:02,0.004060714,0.031141869
19:28:03,0.004403571,0.030570934
19:28:04,0.004060714,0.031591696
19:28:05,0.003410714,0.03115917
19:28:06,0.004403571,0.030536332
19:28:07,0.003696429,0.03115917
19:28:08,0.004021429,0.030553633
19:28:09,0.004382143,0.031297578
19:28:10,0.004060714,0.030865052
19:28:11,0.004060714,0.031608997
19:28:12,0.004378571,0.030553633
19:28:13,0.005096429,0.030986159
19:28:14,0.005096429,0.030847751
19:28:15,0.005117857,0.030986159
19:28:16,0.005425,0.03115917
19:28:17,0.006057143,0.030553633
19:28:18,0.005685714,0.030743945
19:28:19,0.006053571,0.030103806
19:28:20,0.006746429,0.030847751
19:28:21,0.007092857,0.030865052
19:28:22,0.007696429,0.030986159
19:28:23,0.008046429,0.031608997
19:28:24,0.008767857,0.031141869
19:28:25,0.009421429,0.030986159
19:28:26,0.009764286,0.030986159
19:28:27,0.010453571,0.031435986
19:28:28,0.010460714,0.031453287
19:28:29,0.010442857,0.030536332
19:28:30,0.0115,0.03100346
19:28:31,0.011092857,0.030847751
19:28:32,0.011442857,0.031453287
19:28:33,0.011389286,0.031591696
19:28:34,0.011385714,0.030553633
19:28:35,0.012075,0.031141869
19:28:36,0.01185,0.031782007
19:28:37,0.011435714,0.03100346
19:28:38,0.011785714,0.030986159
19:28:39,0.012067857,0.031280277
19:28:40,0.012146429,0.03115917
19:28:41,0.012467857,0.030847751
19:28:42,0.012178571,0.030986159
19:28:43,0.012078571,0.031280277
19:28:43,0.011789286,0.031418685
19:28:44,0.012767857,0.031453287
19:28:45,0.012475,0.031453287
19:28:46,0.012121429,0.031141869
19:28:47,0.012414286,0.031574394
19:28:48,0.012075,0.031591696
19:28:49,0.011839286,0.031297578
19:28:50,0.012485714,0.031297578
19:28:51,0.012128571,0.031435986
19:28:52,0.012135714,0.031747405
19:28:53,0.011775,0.031903114
19:28:54,0.012475,0.030986159
19:28:55,0.012771429,0.030968858
19:28:56,0.012246429,0.032058824
19:28:57,0.012903571,0.031418685
19:28:58,0.012785714,0.030865052
19:28:59,0.013532143,0.030968858
19:29:00,0.01415,0.03083045
19:29:01,0.014442857,0.031297578
19:29:02,0.014389286,0.031747405
19:29:03,0.014885714,0.031868512
19:29:04,0.015414286,0.031401384
19:29:05,0.015839286,0.030968858
19:29:06,0.017164286,0.030986159
19:29:07,0.017960714,0.031747405
19:29:08,0.018867857,0.031280277
19:29:09,0.019732143,0.031280277
19:29:10,0.019771429,0.031885813
19:29:11,0.021907143,0.031418685
19:29:12,0.023053571,0.031574394
19:29:13,0.024617857,0.030968858
19:29:14,0.025957143,0.031124567
19:29:15,0.026842857,0.030986159
19:29:16,0.029014286,0.031418685
19:29:17,0.030392857,0.03233564
19:29:18,0.032282143,0.031418685
19:29:19,0.0345,0.031401384
19:29:20,0.036521429,0.031574394
19:29:21,0.039564286,0.031107266
19:29:22,0.042114286,0.031280277
19:29:23,0.046225,0.032179931
19:29:24,0.0492,0.031851211
19:29:25,0.053814286,0.032041522
19:29:26,0.05835,0.030986159
19:29:27,0.0632,0.031435986
19:29:27,0.068078571,0.03216263
19:29:28,0.072278571,0.032474048
19:29:29,0.078221429,0.031868512
19:29:30,0.084814286,0.031435986
19:29:31,0.092096429,0.031574394
19:29:32,0.100057143,0.031124567
19:29:33,0.110471429,0.032179931
19:29:34,0.117410714,0.031591696
19:29:35,0.125021429,0.032474048
19:29:36,0.135575,0.032716263
19:29:37,0.144553571,0.032889273
19:29:38,0.154971429,0.032716263
19:29:39,0.167039286,0.032750865
19:29:40,0.178414286,0.032595156
19:29:41,0.186557143,0.032474048
19:29:42,0.200671429,0.033961938
19:29:43,0.212275,0.033788927
19:29:44,0.227175,0.033062284
19:29:45,0.238264286,0.033460208
19:29:46,0.251928571,0.033633218
19:29:47,0.2622,0.033356401
19:29:48,0.275046429,0.03316609
19:29:49,0.28615,0.034550173
19:29:50,0.301225,0.034394464
19:29:51,0.314403571,0.034411765
19:29:52,0.322707143,0.033806228
19:29:53,0.337742857,0.033944637
19:29:54,0.350278571,0.034584775
19:29:55,0.362010714,0.034567474
19:29:56,0.372828571,0.034377163
19:29:57,0.384725,0.034083045
19:29:58,0.396264286,0.034705882
19:29:59,0.406575,0.034896194
19:30:00,0.422810714,0.033961938
19:30:01,0.433042857,0.03349481
19:30:02,0.446021429,0.033944637
19:30:03,0.455757143,0.034584775
19:30:04,0.46435,0.033961938
19:30:05,0.480053571,0.034930796
19:30:06,0.492571429,0.033806228
19:30:07,0.505214286,0.034602076
19:30:08,0.510125,0.034550173
19:30:09,0.518135714,0.035605536
19:30:10,0.527510714,0.035121107
19:30:11,0.543907143,0.035294118
19:30:12,0.550342857,0.034792388
19:30:12,0.555275,0.034723183
19:30:13,0.568457143,0.035121107
19:30:14,0.574025,0.035311419
19:30:15,0.588321429,0.034775087
19:30:16,0.592414286,0.035709343
19:30:17,0.608010714,0.034948097
19:30:18,0.613078571,0.035882353
19:30:19,0.618092857,0.035138408
19:30:20,0.624142857,0.035415225
19:30:21,0.635121429,0.035570934
19:30:22,0.642728571,0.036038062
19:30:23,0.649253571,0.035847751
19:30:24,0.657221429,0.035415225
19:30:25,0.665557143,0.035259516
19:30:26,0.668853571,0.036193772
19:30:27,0.679321429,0.035570934
19:30:28,0.678939286,0.035865052
19:30:29,0.688325,0.036055363
19:30:30,0.694814286,0.035882353
19:30:31,0.700946429,0.035397924
19:30:32,0.707435714,0.036038062
19:30:33,0.717003571,0.036937716
19:30:34,0.72135,0.035761246
19:30:35,0.727871429,0.036038062
19:30:36,0.734032143,0.035761246
19:30:37,0.740189286,0.036470588
19:30:38,0.739525,0.036314879
19:30:39,0.749971429,0.034948097
19:30:40,0.752507143,0.036038062
19:30:41,0.753578571,0.036020761
19:30:42,0.769621429,0.036470588
19:30:43,0.765485714,0.035397924
19:30:44,0.771257143,0.036297578
19:30:45,0.778596429,0.03650519
19:30:46,0.783667857,0.0366609
19:30:47,0.788014286,0.0366609
19:30:48,0.79345,0.035570934
19:30:49,0.805196429,0.035743945
19:30:50,0.802146429,0.035743945
19:30:51,0.807217857,0.035553633
19:30:52,0.807310714,0.035553633
19:30:53,0.810196429,0.036280277
19:30:54,0.822410714,0.036937716
19:30:55,0.813864286,0.035847751
19:30:56,0.829328571,0.035415225
19:30:57,0.830403571,0.03650519
19:30:57,0.829667857,0.035865052
19:30:58,0.84025,0.036782007
19:30:59,0.848364286,0.035986159
19:31:00,0.837960714,0.036470588
19:31:01,0.842285714,0.035847751
19:31:02,0.852992857,0.036141869
19:31:03,0.852867857,0.036176471
19:31:04,0.853953571,0.036020761
19:31:05,0.856853571,0.036937716
19:31:06,0.852264286,0.036297578
19:31:07,0.859596429,0.036937716
19:31:08,0.866996429,0.036487889
19:31:09,0.873378571,0.036937716
19:31:10,0.866446429,0.036747405
19:31:11,0.873517857,0.036453287
19:31:12,0.876417857,0.036574394
19:31:13,0.879314286,0.036470588
19:31:14,0.885757143,0.037318339
19:31:15,0.879785714,0.03716263
19:31:16,0.881589286,0.036297578
19:31:17,0.889096429,0.037145329
19:31:18,0.882407143,0.036747405
19:31:19,0.888078571,0.036955017
19:31:20,0.890603571,0.036747405
19:31:21,0.897432143,0.037093426
19:31:22,0.895289286,0.036747405
19:31:23,0.899603571,0.035847751
19:31:24,0.901778571,0.037093426
19:31:25,0.907964286,0.037508651
19:31:26,0.901421429,0.036730104
19:31:27,0.898196429,0.036470588
19:31:28,0.905025,0.037128028
19:31:29,0.903217857,0.037110727
19:31:30,0.908632143,0.037612457
19:31:31,0.910075,0.037318339
19:31:32,0.911517857,0.037318339
19:31:33,0.909678571,0.037595156
19:31:34,0.913317857,0.037785467
19:31:35,0.91255,0.037681661
19:31:36,0.921707143,0.036124567
19:31:37,0.927989286,0.037508651
19:31:38,0.916135714,0.036730104
19:31:39,0.926414286,0.037301038
19:31:40,0.927864286,0.037318339
19:31:41,0.928589286,0.037612457
19:31:42,0.920085714,0.036972318
19:31:42,0.9263,0.037577855
19:31:43,0.926660714,0.036920415
19:31:44,0.925107143,0.038425606
19:31:45,0.936560714,0.038062284
19:31:46,0.935475,0.037612457
19:31:47,0.936921429,0.038408304
19:31:48,0.929057143,0.038702422
19:31:49,0.931567857,0.039238754
19:31:50,0.940182143,0.038685121
19:31:51,0.936757143,0.038269896
19:31:52,0.946921429,0.038321799
19:31:53,0.9382,0.038529412
19:31:54,0.944532143,0.038062284
19:31:55,0.939639286,0.037128028
19:31:56,0.942525,0.038512111
19:31:57,0.942525,0.038408304
19:31:58,0.948153571,0.03932526
19:31:59,0.948153571,0.039186851
19:32:00,0.943967857,0.03849481
19:32:01,0.951414286,0.038875433
19:32:02,0.945410714,0.038685121
19:32:03,0.942332143,0.037871972
19:32:04,0.944846429,0.038944637
19:32:05,0.948292857,0.038944637
19:32:06,0.958935714,0.039134948
19:32:07,0.958935714,0.038512111
19:32:08,0.955039286,0.03849481
19:32:09,0.952260714,0.038875433
19:32:10,0.952621429,0.038788927
19:32:11,0.953342857,0.038979239
19:32:12,0.948792857,0.039152249
19:32:13,0.953703571,0.039429066
19:32:14,0.955867857,0.040086505
19:32:15,0.955867857,0.039394464
19:32:16,0.958389286,0.039411765
19:32:17,0.954175,0.038771626
19:32:18,0.956685714,0.039602076
19:32:19,0.966267857,0.039584775
19:32:20,0.961996429,0.039429066
19:32:21,0.968442857,0.039602076
19:32:22,0.974225,0.040449827
19:32:23,0.964160714,0.039792388
19:32:24,0.966321429,0.039982699
19:32:25,0.970253571,0.039394464
19:32:26,0.963503571,0.040726644
19:32:26,0.961710714,0.040622837
19:32:27,0.9775,0.039602076
19:32:28,0.973514286,0.039792388
19:32:29,0.973514286,0.039982699
19:32:30,0.973514286,0.04
19:32:31,0.969207143,0.040899654
19:32:32,0.972428571,0.04
19:32:33,0.973153571,0.04067474
19:32:34,0.973153571,0.041262976
19:32:35,0.977864286,0.040899654
19:32:36,0.983353571,0.040190311
19:32:37,0.973514286,0.040519031
19:32:38,0.963864286,0.040899654
19:32:39,0.964939286,0.040951557
19:32:40,0.974964286,0.040415225
19:32:41,0.969928571,0.040709343
19:32:42,0.97065,0.040259516
19:32:43,0.971732143,0.040709343
19:32:44,0.972092857,0.040882353
19:32:45,0.974964286,0.040692042
19:32:46,0.976414286,0.040865052
19:32:47,0.971732143,0.040415225
19:32:48,0.972453571,0.040484429
19:32:49,0.977139286,0.041089965
19:32:50,0.982596429,0.040865052
19:32:51,0.967810714,0.041349481
19:32:52,0.978225,0.04115917
19:32:53,0.973535714,0.04067474
19:32:54,0.971732143,0.041141869
19:32:55,0.977139286,0.041782007
19:32:56,0.974257143,0.041124567
19:32:57,0.979310714,0.041124567
19:32:58,0.983689286,0.041782007
19:32:59,0.976417857,0.041314879
19:33:00,0.979310714,0.04067474
19:33:01,0.980035714,0.041972318
19:33:02,0.976417857,0.041764706
19:33:03,0.980760714,0.041591696
19:33:04,0.976778571,0.042179931
19:33:05,0.972475,0.041782007
19:33:06,0.981485714,0.04133218
19:33:07,0.98185,0.04216263
19:33:08,0.9775,0.042629758
19:33:09,0.973553571,0.041972318
19:33:10,0.981485714,0.041782007
19:33:11,0.977860714,0.042422145
19:33:11,0.978582143,0.042370242
19:33:12,0.976778571,0.04216263
19:33:13,0.972475,0.042629758
19:33:14,0.978582143,0.042387543
19:33:15,0.987332143,0.042681661
19:33:16,0.9775,0.042422145
19:33:17,0.974271429,0.042231834
19:33:18,0.977860714,0.042422145
19:33:19,0.979664286,0.042404844
19:33:20,0.973910714,0.042214533
19:33:21,0.977860714,0.042681661
19:33:22,0.973192857,0.043096886
19:33:23,0.979664286,0.042629758
19:33:24,0.974628571,0.043096886
19:33:25,0.973910714,0.042871972
19:33:26,0.983296429,0.043287197
19:33:27,0.974989286,0.043356401
19:33:28,0.984385714,0.042456747
19:33:29,0.980385714,0.043096886
19:33:30,0.983296429,0.043512111
19:33:31,0.984385714,0.042889273
19:33:32,0.981107143,0.042439446
19:33:33,0.981107143,0.042889273
19:33:34,0.985471429,0.042439446
19:33:35,0.981467857,0.043114187
19:33:36,0.980746429,0.043754325
19:33:37,0.981107143,0.043546713
19:33:38,0.977142857,0.043148789
19:33:39,0.976064286,0.043356401
19:33:40,0.976782143,0.043788927
19:33:41,0.981107143,0.042681661
19:33:42,0.992064286,0.043114187
19:33:43,0.990971429,0.043321799
19:33:44,0.987282143,0.042906574
19:33:45,0.982910714,0.043581315
19:33:46,0.985832143,0.043321799
19:33:47,0.982910714,0.043183391
19:33:48,0.9775,0.044636678
19:33:49,0.978578571,0.043114187
19:33:50,0.985792857,0.04399654
19:33:51,0.991632143,0.044031142
19:33:52,0.981089286,0.043373702
19:33:53,0.987235714,0.044204152
19:33:54,0.987596429,0.044429066
19:33:55,0.9775,0.044429066
19:33:56,0.993078571,0.044844291
19:33:56,0.987596429,0.044394464
19:33:57,0.993803571,0.044636678
19:33:58,0.993442857,0.044377163
19:33:59,0.994528571,0.044031142
19:34:00,0.985035714,0.043788927
19:34:01,0.991203571,0.045069204
19:34:02,0.993803571,0.044619377
19:34:03,1.005303571,0.043581315
19:34:04,0.986828571,0.045051903
19:34:05,0.991564286,0.04416955
19:34:06,0.997428571,0.044186851
19:34:07,0.997064286,0.044204152
19:34:08,1.00335,0.044636678
19:34:09,0.988264286,0.044377163
19:34:10,0.998153571,0.045467128
19:34:11,0.997428571,0.044342561
19:34:12,0.997428571,0.04399654
19:34:13,0.990417857,0.044013841
19:34:14,0.990060714,0.044221453
19:34:15,0.995528571,0.04416955
19:34:16,0.994807143,0.044844291
19:34:17,1.000325,0.044411765
19:34:18,1.001775,0.043961938
19:34:19,0.996971429,0.044809689
19:34:20,0.992214286,0.044619377
19:34:21,1.00105,0.044619377
19:34:22,1.00105,0.044342561
19:34:23,1.006989286,0.04416955
19:34:24,0.997332143,0.045709343
19:34:25,1.003225,0.043581315
19:34:26,1.008082143,0.043806228
19:34:27,1.009539286,0.04482699
19:34:28,1.003585714,0.044584775
19:34:29,0.994007143,0.04482699
19:34:30,1.008446429,0.044429066
19:34:31,0.999857143,0.043961938
19:34:32,0.990357143,0.044619377
19:34:33,0.994725,0.044653979
19:34:34,1.000578571,0.044792388
19:34:35,0.99,0.044775087
19:34:36,0.999857143,0.04416955
19:34:37,1.001296429,0.043979239
19:34:38,1.002017857,0.044619377
19:34:39,1.010992857,0.044186851
19:34:40,0.997235714,0.045242215
19:34:40,1.000217857,0.04567474
19:34:41,1.006485714,0.044550173
19:34:42,0.995442857,0.045242215
19:34:43,1.011721429,0.045951557
19:34:44,1.002017857,0.043771626
19:34:45,1.0054,0.0433391
19:34:46,1.002739286,0.043771626
19:34:47,0.998314286,0.043771626
19:34:48,1.013178571,0.044775087
19:34:49,1.007571429,0.045017301
19:34:50,1.008296429,0.044567474
19:34:51,0.998671429,0.044152249
19:34:52,0.997953571,0.045034602
19:34:53,0.998671429,0.044844291
19:34:54,0.999032143,0.043771626
19:34:55,1.008660714,0.044186851
19:34:56,1.005264286,0.045467128
19:34:57,1.004542857,0.044775087
19:34:58,1.004182143,0.043737024
19:34:59,1.009382143,0.044152249
19:35:00,1.005985714,0.043321799
19:35:01,1.010471429,0.043114187
19:35:02,1.010832143,0.044134948
19:35:03,1.006346429,0.044359862
19:35:04,1.010832143,0.043961938
19:35:05,1.006346429,0.044359862
19:35:06,1.011557143,0.044567474
19:35:07,1.006707143,0.043304498
19:35:08,1.006707143,0.043304498
19:35:09,1.002617857,0.043771626
19:35:10,1.007789286,0.044359862
19:35:11,1.011557143,0.044342561
19:35:12,1.001903571,0.045224913
19:35:13,1.007789286,0.044775087
19:35:14,1.00815,0.044567474
19:35:15,1.012282143,0.044152249
19:35:16,1.002260714,0.044134948
19:35:17,1.013007143,0.044619377
19:35:18,1.004414286,0.044809689
19:35:19,1.002978571,0.046626298
19:35:20,1.008871429,0.04700692
19:35:21,1.001903571,0.047750865
19:35:22,1.008871429,0.050380623
19:35:23,1.009232143,0.051141869
19:35:24,1.009232143,0.052439446
19:35:25,1.002978571,0.054861592
19:35:25,1.013732143,0.056211073
19:35:26,1.009592857,0.059273356
19:35:27,1.019732143,0.060242215
19:35:28,1.004414286,0.064186851
19:35:29,1.019367857,0.067595156
19:35:30,1.019732143,0.067854671
19:35:31,1.009592857,0.070484429
19:35:32,1.008871429,0.072716263
19:35:33,1.005132143,0.075103806
19:35:34,1.009232143,0.079948097
19:35:35,1.015542857,0.083460208
19:35:36,1.010310714,0.086626298
19:35:37,1.010310714,0.089290657
19:35:38,1.004771429,0.090276817
19:35:39,1.005489286,0.092024221
19:35:40,1.010310714,0.09384083
19:35:41,1.010310714,0.096643599
19:35:42,1.020096429,0.099238754
19:35:43,1.00585,0.101972318
19:35:44,1.011032143,0.105121107
19:35:45,1.020460714,0.108373702
19:35:46,1.005489286,0.110069204
19:35:47,1.00585,0.113737024
19:35:48,1.00995,0.115103806
19:35:49,1.011392857,0.1183391
19:35:50,1.020096429,0.120899654
19:35:51,1.006207143,0.121972318
19:35:52,1.010671429,0.122854671
19:35:53,1.020825,0.127525952
19:35:54,1.011392857,0.12949827
19:35:55,1.011392857,0.133564014
19:35:56,1.014457143,0.137266436
19:35:57,1.014092857,0.139982699
19:35:58,1.012282143,0.144775087
19:35:59,1.007067857,0.148460208
19:36:00,1.001185714,0.150432526
19:36:01,1.007067857,0.153806228
19:36:02,1.005625,0.155051903
19:36:03,1.015728571,0.155051903
19:36:04,0.99975,0.15633218
19:36:05,1.005625,0.158408304
19:36:06,1.015,0.159653979
19:36:07,1.010107143,0.162612457
19:36:08,1.000825,0.163771626
19:36:09,1.003460714,0.165865052
19:36:09,1.000467857,0.167318339
19:36:10,1.017742857,0.167456747
19:36:11,0.99975,0.168927336
19:36:12,1.004182143,0.170294118
19:36:13,1.009021429,0.172197232
19:36:14,1.0031,0.175224913
19:36:15,1.004903571,0.177854671
19:36:16,1.0031,0.179775087
19:36:17,1.008296429,0.183217993
19:36:18,0.998671429,0.185294118
19:36:19,1.002739286,0.186314879
19:36:20,1.002739286,0.189065744
19:36:21,0.997596429,0.193598616
19:36:22,1.007210714,0.194342561
19:36:23,1.012814286,0.199048443
19:36:24,1.002739286,0.203010381
19:36:25,0.996517857,0.203771626
19:36:26,1.003460714,0.209048443
19:36:27,1.002017857,0.211972318
19:36:28,1.007210714,0.218512111
19:36:29,1.01245,0.220069204
19:36:30,1.001657143,0.224048443
19:36:31,1.000578571,0.228944637
19:36:32,1.006485714,0.230224913
19:36:33,1.012085714,0.236764706
19:36:34,0.997235714,0.238062284
19:36:35,1.003585714,0.249982699
19:36:36,0.995082143,0.252076125
19:36:37,1.010992857,0.25467128
19:36:38,1.006121429,0.260051903
19:36:39,1.000578571,0.257941176
19:36:40,0.998314286,0.258858131
19:36:41,0.999135714,0.262249135
19:36:42,0.999135714,0.265397924
19:36:43,1.000578571,0.269100346
19:36:44,1.000217857,0.26633218
19:36:45,1.000935714,0.268217993
19:36:46,1.001296429,0.271989619
19:36:47,1.005035714,0.276747405
19:36:48,1.011721429,0.276955017
19:36:49,1.000578571,0.281314879
19:36:50,0.997235714,0.283910035
19:36:51,1.000217857,0.281712803
19:36:52,0.997235714,0.281712803
19:36:53,1.006121429,0.281712803
19:36:54,1.010632143,0.281193772
19:36:54,0.996878571,0.282179931
19:36:55,1.002378571,0.281712803
19:36:56,0.996160714,0.283910035
19:36:57,1.001296429,0.286851211
19:36:58,1.002017857,0.292560554
19:36:59,0.997596429,0.29600346
19:37:00,0.997953571,0.303927336
19:37:01,1.002378571,0.310986159
19:37:02,0.991785714,0.319204152
19:37:03,0.996878571,0.32733564
19:37:04,0.997596429,0.331141869
19:37:05,0.997953571,0.336851211
19:37:06,0.991785714,0.339048443
19:37:07,0.992142857,0.33899654
19:37:08,0.992142857,0.344290657
19:37:09,0.992857143,0.345155709
19:37:10,0.997235714,0.348961938
19:37:11,0.988517857,0.352076125
19:37:12,0.992857143,0.353979239
19:37:13,1.002017857,0.353512111
19:37:14,0.995442857,0.353460208
19:37:15,0.983867857,0.358252595
19:37:16,0.992857143,0.354204152
19:37:17,0.993214286,0.35916955
19:37:18,0.987807143,0.361608997
19:37:19,0.997596429,0.366435986
19:37:20,0.997596429,0.372318339
19:37:21,0.992142857,0.372750865
19:37:22,0.987807143,0.380795848
19:37:23,0.983514286,0.382612457
19:37:24,0.986032143,0.39283737
19:37:25,0.9821,0.392249135
19:37:26,0.987096429,0.403650519
19:37:27,0.992142857,0.409948097
19:37:28,0.982807143,0.409809689
19:37:29,0.991428571,0.415155709
19:37:30,0.9925,0.419636678
19:37:31,0.987453571,0.422456747
19:37:32,0.987807143,0.43100346
19:37:33,0.982807143,0.434965398
19:37:34,0.987453571,0.440121107
19:37:35,0.988164286,0.445467128
19:37:36,0.992142857,0.4483391
19:37:37,0.9925,0.455709343
19:37:38,0.9925,0.455536332
19:37:39,0.987807143,0.464878893
19:37:39,0.984221429,0.469878893
19:37:40,0.986742857,0.467179931
19:37:41,0.987453571,0.473529412
19:37:42,0.982807143,0.476124567
19:37:43,0.987453571,0.478719723
19:37:44,0.9821,0.483442907
19:37:45,0.983867857,0.483391003
19:37:46,0.996878571,0.4833391
19:37:47,0.984221429,0.486435986
19:37:48,0.987807143,0.489031142
19:37:49,0.988517857,0.49567474
19:37:50,0.987453571,0.501868512
19:37:51,0.984221429,0.500051903
19:37:52,0.979260714,0.503321799
19:37:53,0.992142857,0.507785467
19:37:54,0.979260714,0.511418685
19:37:55,0.988517857,0.514031142
19:37:56,0.983160714,0.510034602
19:37:57,0.983867857,0.521730104
19:37:58,0.993214286,0.517093426
19:37:59,0.979610714,0.522318339
19:38:00,0.983867857,0.520017301
19:38:01,0.984221429,0.524221453
19:38:02,0.988517857,0.526816609
19:38:03,0.988875,0.528546713
19:38:04,0.983867857,0.531141869
19:38:05,0.989228571,0.531557093
19:38:06,0.983867857,0.533788927
19:38:07,0.975046429,0.538235294
19:38:08,0.983514286,0.541695502
19:38:09,0.979610714,0.540017301
19:38:10,0.978907143,0.54567474
19:38:11,0.979610714,0.551557093
19:38:12,0.982807143,0.549273356
19:38:13,0.973992857,0.557093426
19:38:14,0.973642857,0.55583045
19:38:15,0.978557143,0.558598616
19:38:16,0.978907143,0.559100346
19:38:17,0.973992857,0.558875433
19:38:18,0.978203571,0.562733564
19:38:19,0.978203571,0.567128028
19:38:20,0.983514286,0.565397924
19:38:21,0.973992857,0.571851211
19:38:22,0.978907143,0.577525952
19:38:23,0.978557143,0.581487889
19:38:24,0.982807143,0.589619377
19:38:24,0.978203571,0.590968858
19:38:25,0.978203571,0.593546713
19:38:26,0.983160714,0.601384083
19:38:27,0.982807143,0.607733564
19:38:28,0.977146429,0.601384083
19:38:29,0.97785,0.607491349
19:38:30,0.9775,0.61349481
19:38:31,0.984221429,0.620069204
19:38:32,0.9775,0.620588235
19:38:33,0.987453571,0.621955017
19:38:34,0.987096429,0.629757785
19:38:35,0.9775,0.633737024
19:38:36,0.97785,0.638408304
19:38:37,0.973292857,0.640207612
19:38:38,0.97785,0.646020761
19:38:39,0.97785,0.644515571
19:38:40,0.973292857,0.644567474
19:38:41,0.963957143,0.649342561
19:38:42,0.981746429,0.651574394
19:38:43,0.963607143,0.656228374
19:38:44,0.972942857,0.652802768
19:38:45,0.972242857,0.65967128
19:38:46,0.972242857,0.671176471
19:38:47,0.9775,0.673010381
19:38:48,0.968778571,0.67216263
19:38:49,0.973292857,0.683391003
19:38:50,0.977146429,0.687543253
19:38:51,0.976796429,0.688079585
19:38:52,0.9775,0.694463668
19:38:53,0.976796429,0.696539792
19:38:54,0.9775,0.69600346
19:38:55,0.9775,0.704913495
19:38:56,0.971892857,0.705778547
19:38:57,0.978203571,0.697698962
19:38:58,0.981746429,0.712474048
19:38:59,0.981389286,0.699757785
19:39:00,0.981746429,0.702197232
19:39:01,0.971892857,0.70115917
19:39:02,0.972242857,0.699792388
19:39:03,0.987096429,0.698754325
19:39:04,0.968078571,0.695294118
19:39:05,0.977146429,0.694775087
19:39:06,0.977146429,0.695294118
19:39:07,0.973292857,0.706297578
19:39:08,0.976442857,0.706297578
19:39:08,0.981746429,0.69700692
19:39:09,0.977146429,0.703460208
19:39:10,0.975739286,0.699273356
19:39:11,0.982807143,0.698754325
19:39:12,0.9775,0.696695502
19:39:13,0.977146429,0.695657439
19:39:14,0.976442857,0.696885813
19:39:15,0.971892857,0.69032872
19:39:16,0.976796429,0.693927336
19:39:17,0.976089286,0.694100346
19:39:18,0.97785,0.694446367
19:39:19,0.978557143,0.70299308
19:39:20,0.976442857,0.700346021
19:39:21,0.972242857,0.697889273
19:39:22,0.972592857,0.700484429
19:39:23,0.977146429,0.704152249
19:39:24,0.977146429,0.70449827
19:39:25,0.971892857,0.70115917
19:39:26,0.973292857,0.698217993
19:39:27,0.972942857,0.700103806
19:39:28,0.97785,0.703754325
19:39:29,0.973642857,0.704792388
19:39:30,0.978907143,0.710034602
19:39:31,0.977146429,0.710553633
19:39:32,0.973642857,0.705242215
19:39:33,0.982807143,0.708737024
19:39:34,0.978203571,0.708062284
19:39:35,0.969125,0.707197232
19:39:36,0.978203571,0.705467128
19:39:37,0.973992857,0.703408304
19:39:38,0.977146429,0.703062284
19:39:39,0.9775,0.700432526
19:39:40,0.972592857,0.705294118
19:39:41,0.982807143,0.711418685
19:39:42,0.973642857,0.71384083
19:39:43,0.979260714,0.716141869
19:39:44,0.982453571,0.720449827
19:39:45,0.982807143,0.731851211
19:39:46,0.973992857,0.730622837
19:39:47,0.986385714,0.734602076
19:39:48,0.973642857,0.725640138
19:39:49,0.974696429,0.739273356
19:39:50,0.983867857,0.734031142
19:39:51,0.974696429,0.738702422
19:39:52,0.973642857,0.744117647
19:39:52,0.973992857,0.748719723
19:39:53,0.987807143,0.744221453
19:39:54,0.975046429,0.741747405
19:39:55,0.974342857,0.742093426
19:39:56,0.975046429,0.745415225
19:39:57,0.979260714,0.744048443
19:39:58,0.983514286,0.74550173
19:39:59,0.974696429,0.739394464
19:40:00,0.978907143,0.744896194
19:40:01,0.984928571,0.736989619
19:40:02,0.974696429,0.75083045
19:40:03,0.973642857,0.747404844
19:40:04,0.970171429,0.74100346
19:40:05,0.980317857,0.74384083
19:40:06,0.976796429,0.738010381
19:40:07,0.985635714,0.734204152
19:40:08,0.978907143,0.73783737
19:40:09,0.980667857,0.738010381
19:40:10,0.975046429,0.73316609
19:40:11,0.990296429,0.734221453
19:40:12,0.976096429,0.735640138
19:40:13,0.976446429,0.731124567
19:40:14,0.974696429,0.743737024
19:40:15,0.981021429,0.742802768
19:40:16,0.981021429,0.742906574
19:40:17,0.983867857,0.748010381
19:40:18,0.985635714,0.752145329
19:40:19,0.984575,0.757647059
19:40:20,0.983514286,0.767128028
19:40:21,0.988164286,0.767975779
19:40:22,0.989228571,0.772283737
19:40:23,0.990296429,0.775726644
19:40:24,0.975046429,0.779688581
19:40:25,0.979610714,0.781574394
19:40:26,0.988517857,0.788754325
19:40:27,0.980317857,0.793910035
19:40:28,0.970521429,0.796868512
19:40:29,0.975046429,0.791228374
19:40:30,0.984221429,0.789896194
19:40:31,0.979610714,0.796730104
19:40:32,0.978907143,0.808685121
19:40:33,0.979964286,0.805865052
19:40:34,0.979260714,0.818598616
19:40:35,0.975046429,0.81567474
19:40:36,0.983160714,0.823875433
19:40:37,0.974696429,0.828373702
19:40:37,0.974696429,0.834757785
19:40:38,0.987807143,0.835121107
19:40:39,0.973992857,0.833927336
19:40:40,0.978907143,0.839619377
19:40:41,0.978907143,0.842041522
19:40:42,0.978557143,0.839602076
19:40:43,0.974342857,0.836349481
19:40:44,0.988164286,0.840813149
19:40:45,0.973642857,0.84532872
19:40:46,0.978907143,0.844809689
19:40:47,0.973642857,0.839948097
19:40:48,0.983160714,0.840121107
19:40:49,0.974342857,0.843252595
19:40:50,0.983160714,0.846937716
19:40:51,0.9775,0.842560554
19:40:52,0.969125,0.843252595
19:40:53,0.978557143,0.839446367
19:40:54,0.987096429,0.849186851
19:40:55,0.973992857,0.842716263
19:40:56,0.978203571,0.843564014
19:40:57,0.97785,0.84200692
19:40:58,0.983160714,0.84982699
19:40:59,0.978557143,0.842681661
19:41:00,0.978557143,0.85
19:41:01,0.968778571,0.844602076
19:41:02,0.978203571,0.843737024
19:41:03,0.982807143,0.842716263
19:41:04,0.987096429,0.842024221
19:41:05,0.974342857,0.842543253
19:41:06,0.973992857,0.842543253
19:41:07,0.982807143,0.848269896
19:41:08,0.972942857,0.849653979
19:41:09,0.981746429,0.846851211
19:41:10,0.973642857,0.857889273
19:41:11,0.968428571,0.856228374
19:41:12,0.97785,0.854930796
19:41:13,0.972942857,0.851591696
19:41:14,0.972592857,0.861764706
19:41:15,0.982807143,0.858027682
19:41:16,0.976796429,0.8566609
19:41:17,0.981746429,0.855276817
19:41:18,0.977146429,0.852352941
19:41:19,0.978203571,0.849775087
19:41:20,0.9821,0.849653979
19:41:21,0.9775,0.838910035
19:41:21,0.973292857,0.843771626
19:41:22,0.977146429,0.83650519
19:41:23,0.972942857,0.837716263
19:41:24,0.976796429,0.837197232
19:41:25,0.976796429,0.828979239
19:41:26,0.973642857,0.835138408
19:41:27,0.978203571,0.842214533
19:41:28,0.969475,0.853615917
19:41:29,0.973992857,0.844775087
19:41:30,0.987096429,0.851211073
19:41:31,0.97785,0.850467128
19:41:32,0.973992857,0.857439446
19:41:33,0.973642857,0.854238754
19:41:34,0.9775,0.855968858
19:41:35,0.982807143,0.854238754
19:41:36,0.972592857,0.856574394
19:41:37,0.978557143,0.850795848
19:41:38,0.973992857,0.855017301
19:41:39,0.978557143,0.857525952
19:41:40,0.977146429,0.853633218
19:41:41,0.978203571,0.850968858
19:41:42,0.986742857,0.853391003
19:41:43,0.978203571,0.859861592
19:41:44,0.969475,0.858373702
19:41:45,0.973992857,0.858114187
19:41:46,0.9821,0.878581315
19:41:47,0.9775,0.874567474
19:41:48,0.974696429,0.878892734
19:41:49,0.978203571,0.882179931
19:41:50,0.974696429,0.881799308
19:41:51,0.983160714,0.889273356
19:41:52,0.978203571,0.893425606
19:41:53,0.978557143,0.89550173
19:41:54,0.978557143,0.898788927
19:41:55,0.973642857,0.905692042
19:41:56,0.974342857,0.907595156
19:41:57,0.973642857,0.90467128
19:41:58,0.979260714,0.903633218
19:41:59,0.979260714,0.89866782
19:42:00,0.973992857,0.896262976
19:42:01,0.983514286,0.897404844
19:42:02,0.974342857,0.894636678
19:42:03,0.974342857,0.887474048
19:42:04,0.9775,0.886626298
19:42:05,0.975396429,0.885588235
19:42:05,0.978907143,0.885415225
19:42:06,0.974696429,0.883858131
19:42:07,0.986742857,0.887197232
19:42:08,0.978557143,0.877647059
19:42:09,0.979260714,0.882871972
19:42:10,0.9775,0.887093426
19:42:11,0.974342857,0.876972318
19:42:12,0.974696429,0.883615917
19:42:13,0.9775,0.875605536
19:42:14,0.978203571,0.87783737
19:42:15,0.983514286,0.885467128
19:42:16,0.978557143,0.886280277
19:42:17,0.978907143,0.891782007
19:42:18,0.973992857,0.896262976
19:42:19,0.974696429,0.905017301
19:42:20,0.978907143,0.909861592
19:42:21,0.97785,0.915743945
19:42:22,0.978557143,0.915726644
19:42:23,0.968778571,0.923875433
19:42:24,0.973992857,0.925259516
19:42:25,0.978203571,0.926989619
19:42:26,0.979260714,0.92716263
19:42:27,0.983867857,0.928373702
19:42:28,0.978907143,0.926228374
19:42:29,0.978203571,0.923235294
19:42:30,0.968428571,0.935986159
19:42:31,0.988164286,0.939100346
19:42:32,0.978557143,0.946366782
19:42:33,0.973292857,0.947231834
19:42:34,0.982807143,0.947058824
19:42:35,0.979260714,0.955190311
19:42:36,0.97785,0.964273356
19:42:37,0.986742857,0.962629758
19:42:38,0.974342857,0.970346021
19:42:39,0.979610714,0.967128028
19:42:40,0.982807143,0.969204152
19:42:41,0.974696429,0.96600346
19:42:42,0.974342857,0.976435986
19:42:43,0.978203571,0.967543253
19:42:44,0.977146429,0.97266436
19:42:45,0.968428571,0.973529412
19:42:46,0.9775,0.96299308
19:42:47,0.979260714,0.970588235
19:42:48,0.978203571,0.965657439
19:42:49,0.982807143,0.9683391
19:42:49,0.987807143,0.96083045
19:42:50,0.968078571,0.957733564
19:42:51,0.978557143,0.952058824
19:42:52,0.973642857,0.955916955
19:42:53,0.973292857,0.947577855
19:42:54,0.972942857,0.948788927
19:42:55,0.978203571,0.934480969
19:42:56,0.978203571,0.930536332
19:42:57,0.978203571,0.932525952
19:42:58,0.978203571,0.932871972
19:42:59,0.978203571,0.928287197
19:43:00,0.97785,0.924100346
19:43:01,0.973992857,0.927076125
19:43:02,0.978557143,0.925190311
19:43:03,0.972242857,0.923979239
19:43:04,0.977146429,0.927681661
19:43:05,0.977146429,0.922266436
19:43:06,0.982453571,0.917923875
19:43:07,0.978557143,0.936574394
19:43:08,0.977146429,0.934723183
19:43:09,0.982807143,0.928979239
19:43:10,0.977146429,0.934775087
19:43:11,0.972942857,0.933287197
19:43:12,0.97785,0.931124567
19:43:13,0.973642857,0.942560554
19:43:14,0.978203571,0.947058824
19:43:15,0.97785,0.95349481
19:43:16,0.981746429,0.958754325
19:43:17,0.976796429,0.948269896
19:43:18,0.972592857,0.954844291
19:43:19,0.97785,0.955882353
19:43:20,0.97785,0.960449827
19:43:21,0.976796429,0.951712803
19:43:22,0.9821,0.951712803
19:43:23,0.972592857,0.963304498
19:43:24,0.972592857,0.955709343
19:43:25,0.978557143,0.951712803
19:43:26,0.978557143,0.956228374
19:43:27,0.976442857,0.95050173
19:43:28,0.971892857,0.95050173
19:43:29,0.978557143,0.951020761
19:43:30,0.982453571,0.954844291
19:43:31,0.977146429,0.949809689
19:43:32,0.981035714,0.953287197
19:43:33,0.973292857,0.948269896
19:43:33,0.972592857,0.951384083
19:43:34,0.986032143,0.949653979
19:43:35,0.976796429,0.938823529
19:43:36,0.988164286,0.942750865
19:43:37,0.982453571,0.942906574
19:43:38,0.967032143,0.944273356
19:43:39,0.981389286,0.928546713
19:43:40,0.977146429,0.933564014
19:43:41,0.984964286,0.930622837
19:43:42,0.981389286,0.934723183
19:43:43,0.986385714,0.921349481
19:43:44,0.972242857,0.9316609
19:43:45,0.9775,0.938546713
19:43:46,0.980328571,0.940795848
19:43:47,0.981035714,0.944965398
19:43:48,0.9775,0.944809689
19:43:49,0.972592857,0.947577855
19:43:50,0.976796429,0.95366782
19:43:51,0.976442857,0.951903114
19:43:52,0.980682143,0.948788927
19:43:53,0.97785,0.951712803
19:43:54,0.973292857,0.957439446
19:43:55,0.981035714,0.963408304
19:43:56,0.9775,0.962525952
19:43:57,0.982807143,0.953771626
19:43:58,0.9821,0.949117647
19:43:59,0.972592857,0.952906574
19:44:00,0.978203571,0.952404844
19:44:01,0.981746429,0.958650519
19:44:02,0.978203571,0.950138408
19:44:03,0.977146429,0.956868512
19:44:04,0.9775,0.953235294
19:44:05,0.987096429,0.958425606
19:44:06,0.973642857,0.971055363
19:44:07,0.9821,0.963581315
19:44:08,0.9775,0.970761246
19:44:09,0.9821,0.967716263
19:44:10,0.971892857,0.978529412
19:44:11,0.972242857,0.974394464
19:44:12,0.982453571,0.972024221
19:44:13,0.968778571,0.968477509
19:44:14,0.972942857,0.974100346
19:44:15,0.972942857,0.980449827
19:44:16,0.978907143,0.980449827
19:44:17,0.973292857,0.987214533
19:44:17,0.977146429,0.980294118
19:44:18,0.986742857,0.988927336
19:44:19,0.986385714,0.988044983
19:44:20,0.982807143,0.991487889
19:44:21,0.966685714,0.994757785
19:44:22,0.976442857,1.001903114
19:44:23,0.981389286,0.998892734
19:44:24,0.987453571,1.006055363
19:44:25,0.976796429,1.007266436
19:44:26,0.978203571,1.009342561
19:44:27,0.973292857,1.006816609
19:44:28,0.973292857,0.998737024
19:44:29,0.97785,1.015397924
19:44:30,0.9821,1.013356401
19:44:31,0.9821,1.009792388
19:44:32,0.977146429,1.016107266
19:44:33,0.978557143,1.02266436
19:44:34,0.97785,1.022491349
19:44:35,0.973642857,1.012871972
19:44:36,0.9775,1.025467128
19:44:37,0.972242857,1.005570934
19:44:38,0.980682143,1.01266436
19:44:39,0.9775,1.010761246
19:44:40,0.972242857,1.018858131
19:44:41,0.976796429,1.012110727
19:44:42,0.977146429,1.015034602
19:44:43,0.97785,1.014515571
19:44:44,0.978557143,1.010899654
19:44:45,0.973992857,1.008875433
19:44:46,0.978203571,1.010605536
19:44:47,0.988164286,1.016782007
19:44:48,0.978203571,1.018685121
19:44:49,0.983160714,1.019377163
19:44:50,0.978203571,1.015069204
19:44:51,0.978203571,1.024584775
19:44:52,0.982807143,1.016435986
19:44:53,0.9775,1.00532872
19:44:54,0.973292857,1.016072664
19:44:55,0.977146429,1.008823529
19:44:56,0.978203571,1.009117647
19:44:57,0.9821,0.999134948
19:44:58,0.982807143,0.993944637
19:44:59,0.981389286,0.995034602
19:45:00,0.981389286,0.979775087
19:45:01,0.978203571,0.974775087
19:45:02,0.992142857,0.969619377
19:45:02,0.990714286,0.96583045
19:45:03,0.968778571,0.959117647
19:45:04,0.975385714,0.961591696
19:45:05,0.977146429,0.962352941
19:45:06,0.972242857,0.9616609
19:45:07,0.976796429,0.955709343
19:45:08,0.981389286,0.949290657
19:45:09,0.985321429,0.95050173
19:45:10,0.981746429,0.953979239
19:45:11,0.97785,0.955017301
19:45:12,0.978203571,0.95032872
19:45:13,0.978203571,0.949290657
19:45:14,0.977146429,0.958183391
19:45:15,0.973642857,0.942439446
19:45:16,0.97785,0.951211073
19:45:17,0.987453571,0.950346021
19:45:18,0.978203571,0.958581315
19:45:19,0.981389286,0.950692042
19:45:20,0.981389286,0.950692042
19:45:21,0.977146429,0.949290657
19:45:22,0.982453571,0.959757785
19:45:23,0.97785,0.961764706
19:45:24,0.982807143,0.960138408
19:45:25,0.976796429,0.959567474
19:45:26,0.986385714,0.968235294
19:45:27,0.977146429,0.982525952
19:45:28,0.9821,0.981487889
19:45:29,0.976442857,0.983217993
19:45:30,0.9821,0.990865052
19:45:31,0.976796429,0.997197232
19:45:32,0.97785,0.988062284
19:45:33,0.972242857,0.987197232
19:45:34,0.976442857,0.980986159
19:45:35,0.978203571,0.98633218
19:45:36,0.9775,0.980121107
19:45:37,0.9821,0.988425606
19:45:38,0.972592857,0.983217993
19:45:39,0.973292857,0.983391003
19:45:40,0.986385714,0.983217993
19:45:41,0.986385714,0.987733564
19:45:42,0.978203571,0.979083045
19:45:43,0.968078571,0.977716263
19:45:44,0.972942857,0.98183391
19:45:45,0.973292857,0.973961938
19:45:46,0.982453571,0.977197232
19:45:46,0.991785714,0.97615917
19:45:47,0.97785,0.980449827
19:45:48,0.980682143,0.979757785
19:45:49,0.976089286,0.974100346
19:45:50,0.978557143,0.986176471
19:45:51,0.972592857,0.974134948
19:45:52,0.972592857,0.987197232
19:45:53,0.977146429,0.988235294
19:45:54,0.972592857,0.986487889
19:45:55,0.986742857,0.9916609
19:45:56,0.973292857,1.001038062
19:45:57,0.973642857,1.007958478
19:45:58,0.982453571,1.010899654
19:45:59,0.9775,1.008702422
19:46:00,0.982807143,1.017647059
19:46:01,0.972942857,1.025986159
19:46:02,0.971539286,1.027197232
19:46:03,0.968778571,1.019550173
19:46:04,0.9821,1.026643599
19:46:05,0.976796429,1.017491349
19:46:06,0.97785,1.032577855
19:46:07,0.9775,1.026989619
19:46:08,0.973292857,1.021280277
19:46:09,0.978557143,1.019896194
19:46:10,0.981746429,1.01816609
19:46:11,0.973292857,1.020934256
19:46:12,0.983160714,1.023200692
19:46:13,0.983160714,1.014013841
19:46:14,0.9775,1.00766436
19:46:15,0.983514286,1.006297578
19:46:16,0.982807143,1.013114187
19:46:17,0.978907143,1.007612457
19:46:18,0.973642857,1.001297578
19:46:19,0.97785,1.003529412
19:46:20,0.982807143,1.004048443
19:46:21,0.987096429,1.001903114
19:46:22,0.978203571,1.008875433
19:46:23,0.973642857,1.015916955
19:46:24,0.979260714,1.014048443
19:46:25,0.974342857,1.020242215
19:46:26,0.973992857,1.021107266
19:46:27,0.973992857,1.031418685
19:46:28,0.973992857,1.016799308
19:46:29,0.983867857,1.021799308
19:46:30,0.97785,1.021626298
19:46:30,0.982453571,1.010640138
19:46:31,0.978557143,1.019896194
19:46:32,0.981746429,1.014723183
19:46:33,0.983514286,1.01816609
19:46:34,0.982807143,1.014896194
19:46:35,0.978907143,1.009792388
19:46:36,0.979610714,1.014048443
19:46:37,0.974342857,1.019723183
19:46:38,0.987807143,1.015934256
19:46:39,0.979260714,1.015242215
19:46:40,0.983514286,1.015069204
19:46:41,0.977146429,1.009100346
19:46:42,0.974342857,1.01283737
19:46:43,0.978203571,1.010934256
19:46:44,0.978907143,1.007491349
19:46:45,0.97785,1.014688581
19:46:46,0.983514286,0.999913495
19:46:47,0.97785,1.001557093
19:46:48,0.988164286,0.997750865
19:46:49,0.973992857,0.99799308
19:46:50,0.983160714,0.985121107
19:46:51,0.974696429,0.995622837
19:46:52,0.978557143,0.988079585
19:46:53,0.982807143,0.978200692
19:46:54,0.983514286,0.978702422
19:46:55,0.979260714,0.970588235
19:46:56,0.973992857,0.96083045
19:46:57,0.978907143,0.95100346
19:46:58,0.989585714,0.951366782
19:46:59,0.982807143,0.953287197
19:47:00,0.979260714,0.943615917
19:47:01,0.979610714,0.944463668
19:47:02,0.975396429,0.937923875
19:47:03,0.979964286,0.944100346
19:47:04,0.983160714,0.939446367
19:47:05,0.983867857,0.930086505
19:47:06,0.984575,0.932768166
19:47:07,0.978907143,0.942543253
19:47:08,0.979964286,0.932076125
19:47:09,0.979260714,0.932941176
19:47:10,0.979610714,0.927352941
19:47:11,0.983867857,0.930536332
19:47:12,0.975046429,0.929844291
19:47:13,0.973292857,0.935294118
19:47:14,0.979610714,0.92967128
19:47:14,0.987096429,0.929844291
19:47:15,0.978203571,0.930865052
19:47:16,0.982453571,0.940276817
19:47:17,0.978907143,0.937889273
19:47:18,0.978557143,0.93482699
19:47:19,0.974342857,0.946020761
19:47:20,0.979964286,0.939653979
19:47:21,0.975046429,0.941885813
19:47:22,0.978557143,0.946020761
19:47:23,0.979260714,0.954152249
19:47:24,0.978557143,0.95916955
19:47:25,0.978203571,0.964013841
19:47:26,0.979964286,0.967301038
19:47:27,0.983514286,0.973702422
19:47:28,0.983514286,0.987923875
19:47:29,0.978907143,0.979429066
19:47:30,0.974342857,0.978771626
19:47:31,0.984928571,0.987525952
19:47:32,0.978203571,0.987681661
19:47:33,0.979260714,1.000519031
19:47:34,0.978557143,1.002249135
19:47:35,0.983514286,0.998546713
19:47:36,0.973642857,0.999913495
19:47:37,0.987807143,1.001989619
19:47:38,0.979260714,1.013287197
19:47:39,0.973642857,1.004394464
19:47:40,0.973992857,1.006989619
19:47:41,0.987453571,1.008010381
19:47:42,0.981746429,1.009740484
19:47:43,0.987453571,1.017820069
19:47:44,0.978557143,1.015934256
19:47:45,0.978907143,1.02283737
19:47:46,0.970171429,1.03067474
19:47:47,0.987807143,1.030449827
19:47:48,0.973292857,1.039532872
19:47:49,0.981746429,1.044238754
19:47:50,0.971892857,1.048927336
19:47:51,0.978907143,1.040553633
19:47:52,0.978557143,1.043823529
19:47:53,0.983160714,1.038927336
19:47:54,0.977146429,1.047577855
19:47:55,0.982453571,1.042802768
19:47:56,0.97785,1.051020761
19:47:57,0.987807143,1.038148789
19:47:58,0.973642857,1.040311419
19:47:59,0.973292857,1.030397924
19:47:59,0.972242857,1.025397924
19:48:00,0.982807143,1.025951557
19:48:01,0.983514286,1.01133218
19:48:02,0.983514286,1.021816609
19:48:03,0.975385714,1.002249135
19:48:04,0.978203571,1.000432526
19:48:05,0.978557143,0.999134948
19:48:06,0.972242857,0.988217993
19:48:07,0.983160714,0.988581315
19:48:08,0.973992857,0.979602076
19:48:09,0.9821,0.975121107
19:48:10,0.978203571,0.966937716
19:48:11,0.977146429,0.972491349
19:48:12,0.974342857,0.976435986
19:48:13,0.983514286,0.970761246
19:48:14,0.973642857,0.969723183
19:48:15,0.982807143,0.960761246
19:48:16,0.976796429,0.965138408
19:48:17,0.978203571,0.972491349
19:48:18,0.976796429,0.969100346
19:48:19,0.979260714,0.971851211
19:48:20,0.97785,0.974602076
19:48:21,0.977146429,0.975813149
19:48:22,0.987807143,0.968217993
19:48:23,0.986385714,0.970882353
19:48:24,0.973992857,0.980276817
19:48:25,0.978203571,0.970190311
19:48:26,0.976442857,0.977854671
19:48:27,0.978557143,0.978027682
19:48:28,0.986032143,0.978373702
19:48:29,0.9775,0.973442907
19:48:30,0.973992857,0.990865052
19:48:31,0.969475,0.988927336
19:48:32,0.987096429,1.007076125
19:48:33,0.978557143,0.9916609
19:48:34,0.977146429,0.999134948
19:48:35,0.978557143,0.99349481
19:48:36,0.986742857,1.000432526
19:48:37,0.987453571,1.002508651
19:48:38,0.982807143,1.008650519
19:48:39,0.973642857,1.009515571
19:48:40,0.978557143,1.000017301
19:48:41,0.987807143,1.010034602
19:48:42,0.981389286,1.006574394
19:48:43,0.972242857,0.996937716
19:48:43,0.982807143,1.000432526
19:48:44,0.973292857,0.997854671
19:48:45,0.972592857,1.00017301
19:48:46,0.982807143,0.993200692
19:48:47,0.97785,0.989757785
19:48:48,0.97785,0.987698962
19:48:49,0.983514286,0.995207612
19:48:50,0.981746429,0.986678201
19:48:51,0.982453571,0.98982699
19:48:52,0.991071429,0.981487889
19:48:53,0.9821,0.98200692
19:48:54,0.973992857,0.976851211
19:48:55,0.981746429,0.97650519
19:48:56,0.97785,0.977197232
19:48:57,0.973642857,0.979256055
19:48:58,0.983867857,0.98150519
19:48:59,0.97785,0.992422145
19:49:00,0.986742857,0.989446367
19:49:01,0.983160714,0.991868512
19:49:02,0.978203571,0.999204152
19:49:03,0.972942857,0.996366782
19:49:04,0.982453571,0.998442907
19:49:05,0.987807143,1.001730104
19:49:06,0.978557143,1.001038062
19:49:07,0.9775,1.003114187
19:49:08,0.982807143,0.99733564
19:49:09,0.979260714,1.003460208
19:49:10,0.974342857,1.008252595
19:49:11,0.987453571,0.999411765
19:49:12,0.988875,1.001124567
19:49:13,0.979260714,1.003529412
19:49:14,0.978907143,1.005259516
19:49:15,0.983867857,1.000795848
19:49:16,0.979964286,1.01283737
19:49:17,0.978557143,1.02650519
19:49:18,0.974696429,1.025086505
19:49:19,0.978557143,1.03067474
19:49:20,0.974342857,1.021955017
19:49:21,0.993571429,1.03700692
19:49:22,0.984221429,1.022647059
19:49:23,0.984221429,1.031885813
19:49:24,0.984928571,1.040951557
19:49:25,0.983160714,1.031539792
19:49:26,0.993928571,1.0366609
19:49:27,0.988517857,1.032941176
19:49:27,0.984928571,1.03683391
19:49:28,0.994642857,1.03050173
19:49:29,0.984221429,1.024394464
19:49:30,0.983160714,1.041937716
19:49:31,0.981725,1.023027682
19:49:32,0.990296429,1.019204152
19:49:33,0.984221429,1.012802768
19:49:34,0.984928571,1.013633218
19:49:35,0.989939286,1.016747405
19:49:36,0.987807143,1.011730104
19:49:37,0.985282143,1.01517301
19:49:38,0.984221429,1.015882353
19:49:39,0.989228571,1.015882353
19:49:40,0.984221429,1.01050173
19:49:41,0.993571429,1.011557093
19:49:42,0.985282143,1.01032872
19:49:43,0.989585714,1.017975779
19:49:44,0.984575,1.014861592
19:49:45,0.987807143,1.021124567
19:49:46,0.987807143,1.02216263
19:49:47,0.984928571,1.022508651
19:49:48,0.979964286,1.022871972
19:49:49,0.983867857,1.023910035
19:49:50,0.985282143,1.023564014
19:49:51,0.984221429,1.01816609
19:49:52,0.989939286,1.022508651
19:49:53,0.980667857,1.015726644
19:49:54,0.990296429,1.020242215
19:49:55,0.979610714,1.018148789
19:49:56,0.993928571,1.012249135
19:49:57,0.983514286,1.01067474
19:49:58,0.989228571,1.00449827
19:49:59,0.984221429,1.007560554
19:50:00,0.983514286,1.005467128
19:50:01,0.989585714,1.009948097
19:50:02,0.989585714,1.004083045
19:50:03,0.994642857,0.999480969
19:50:04,0.985635714,1.004083045
19:50:05,0.994285714,1.001384083
19:50:06,0.998671429,1.00615917
19:50:07,0.993571429,1.003806228
19:50:08,0.993928571,1.013615917
19:50:09,0.989939286,1.009117647
19:50:10,0.994285714,1.009463668
19:50:11,0.999032143,1.009636678
19:50:12,0.987807143,1.008944637
19:50:12,0.999389286,1.017093426
19:50:13,0.988875,1.002422145
19:50:14,0.984221429,1.000692042
19:50:15,0.999389286,1.005467128
19:50:16,0.989939286,1.009948097
19:50:17,0.998671429,1
19:50:18,0.993214286,0.999134948
19:50:19,0.988875,1.003373702
19:50:20,0.999389286,0.998442907
19:50:21,0.989228571,1.013235294
19:50:22,0.9925,1.008200692
19:50:23,0.993571429,1.003910035
19:50:24,0.988875,1.005640138
19:50:25,0.999389286,1.006678201
19:50:26,0.993571429,1.012560554
19:50:27,0.9925,1.010865052
19:50:28,0.992857143,1.015709343
19:50:29,1.004542857,1.012595156
19:50:30,0.993214286,1.007958478
19:50:31,0.998671429,1.020069204
19:50:32,0.993571429,1.011072664
19:50:33,0.997953571,1.015726644
19:50:34,0.993928571,1.025865052
19:50:35,0.999389286,1.012456747
19:50:36,0.993928571,1.025657439
19:50:37,0.999032143,1.018512111
19:50:38,0.993571429,1.025813149
19:50:39,0.998314286,1.028927336
19:50:40,0.999389286,1.037716263
19:50:41,0.998671429,1.033806228
19:50:42,0.998671429,1.036937716
19:50:43,0.994285714,1.037456747
19:50:44,0.999389286,1.032352941
19:50:45,1.008296429,1.037456747
19:50:46,1.003821429,1.042422145
19:50:47,0.992857143,1.041038062
19:50:48,1.002017857,1.039982699
19:50:49,1.007935714,1.039463668
19:50:50,0.997596429,1.039117647
19:50:51,0.993214286,1.033460208
19:50:52,0.997953571,1.033979239
19:50:53,1.013178571,1.028546713
19:50:54,1.006485714,1.033806228
19:50:55,0.998314286,1.04050173
19:50:56,1.001657143,1.032525952
19:50:57,1.002378571,1.034256055
19:50:57,0.997235714,1.035640138
19:50:58,1.007571429,1.04266436
19:50:59,1.0031,1.042491349
19:51:00,1.006485714,1.049238754
19:51:01,1.002739286,1.044411765
19:51:02,1.017010714,1.061349481
19:51:03,1.007210714,1.045449827
19:51:04,1.002017857,1.049238754
19:51:05,1.007935714,1.053771626
19:51:06,1.008296429,1.036678201
19:51:07,1.003821429,1.039013841
19:51:08,1.007935714,1.030622837
19:51:09,1.002017857,1.038754325
19:51:10,1.002739286,1.029463668
19:51:11,1.005760714,1.027577855
19:51:12,1.007571429,1.024965398
19:51:13,1.012085714,1.01816609
19:51:14,1.0031,1.00899654
19:51:15,1.008660714,1.013079585
19:51:16,1.008296429,1.023269896
19:51:17,1.018475,1.003823529
19:51:18,1.008296429,0.998581315
19:51:19,1.013542857,0.99866782
19:51:20,1.008660714,0.983044983
19:51:21,1.012814286,0.986020761
19:51:22,1.008296429,0.966955017
19:51:23,1.002017857,0.965311419
19:51:24,1.017010714,0.966453287
19:51:25,1.008296429,0.958529412
19:51:26,1.008296429,0.960155709
19:51:27,1.018475,0.962145329
19:51:28,1.018475,0.952439446
19:51:29,1.007210714,0.952975779
19:51:30,1.003460714,0.954359862
19:51:31,1.011721429,0.95349481
19:51:32,1.022717857,0.960155709
19:51:33,1.014271429,0.958356401
19:51:34,1.003460714,0.963304498
19:51:35,1.008660714,0.978598616
19:51:36,1.017010714,0.965916955
19:51:37,1.012814286,0.958477509
19:51:38,1.0031,0.967145329
19:51:39,1.007571429,0.965224913
19:51:40,1.011721429,0.962076125
19:51:41,1.013542857,0.965311419
19:51:41,1.018107143,0.973823529
19:51:42,1.008296429,0.963027682
19:51:43,1.007935714,0.948615917
19:51:44,1.011721429,0.957197232
19:51:45,1.012814286,0.964619377
19:51:46,1.014271429,0.953114187
19:51:47,1.017742857,0.964705882
19:51:48,1.018107143,0.967491349
19:51:49,1.018107143,0.971868512
19:51:50,1.006846429,0.976228374
19:51:51,1.015,0.971799308
19:51:52,1.029221429,0.984965398
19:51:53,1.008296429,0.979411765
19:51:54,1.013542857,0.992474048
19:51:55,1.015,0.999896194
19:51:56,1.009746429,0.998235294
19:51:57,1.018475,0.999982699
19:51:58,1.023453571,0.99816609
19:51:59,1.01245,1.000086505
19:52:00,1.012814286,1.003304498
19:52:01,1.014271429,1.003131488
19:52:02,1.008296429,1.003823529
19:52:03,1.023821429,1.002422145
19:52:04,1.023821429,0.990657439
19:52:05,1.007935714,1.004982699
19:52:06,1.003460714,0.997370242
19:52:07,1.013907143,0.994740484
19:52:08,1.014271429,0.996384083
19:52:09,1.019207143,0.984083045
19:52:10,1.017742857,0.98200692
19:52:11,1.013907143,0.980778547
19:52:12,1.009382143,0.983391003
19:52:13,1.013907143,0.983217993
19:52:14,1.014271429,0.97266436
19:52:15,1.020667857,0.983391003
19:52:16,1.024925,0.981643599
19:52:17,1.018107143,0.988131488
19:52:18,1.018107143,0.978702422
19:52:19,1.009746429,0.977301038
19:52:20,1.013542857,0.977301038
19:52:21,1.015,0.980778547
19:52:22,1.025292857,0.975916955
19:52:23,1.014271429,0.980778547
19:52:24,1.017742857,0.973356401
19:52:25,1.015,0.973183391
19:52:26,1.014271429,0.974913495
19:52:26,1.015,0.98583045
19:52:27,1.024557143,0.987750865
19:52:28,1.014635714,0.985311419
19:52:29,1.019571429,0.984948097
19:52:30,1.015364286,0.9816609
19:52:31,1.009746429,0.990034602
19:52:32,1.014635714,0.992871972
19:52:33,1.023453571,0.99233564
19:52:34,1.013542857,0.980432526
19:52:35,1.013178571,0.994152249
19:52:36,1.009382143,0.981989619
19:52:37,1.024189286,0.977474048
19:52:38,1.008660714,0.971107266
19:52:39,1.009382143,0.976262976
19:52:40,1.015,0.976435986
19:52:41,1.009746429,0.98532872
19:52:42,1.015,0.973702422
19:52:43,1.009746429,0.979913495
19:52:44,1.018107143,0.987231834
19:52:45,1.019571429,0.994446367
19:52:46,1.015,0.985484429
19:52:47,1.009021429,0.98600346
19:52:48,1.009746429,0.992474048
19:52:49,1.009382143,0.986868512
19:52:50,1.015364286,0.986522491
19:52:51,1.010107143,0.988806228
19:52:52,1.013178571,0.979065744
19:52:53,1.013907143,0.976470588
19:52:54,1.013542857,0.979221453
19:52:55,1.015,0.979048443
19:52:56,1.014271429,0.981643599
19:52:57,1.008660714,0.976435986
19:52:58,1.024557143,0.976435986
19:52:59,1.013907143,0.982508651
19:53:00,1.014635714,0.976920415
19:53:01,1.009382143,0.964878893
19:53:02,1.012814286,0.979186851
19:53:03,1.018107143,0.966695502
19:53:04,1.008296429,0.97150519
19:53:05,1.007210714,0.964446367
19:53:06,1.012814286,0.966176471
19:53:07,1.014271429,0.965484429
19:53:08,1.022717857,0.970640138
19:53:09,1.014635714,0.97133218
19:53:10,1.008296429,0.971695502
19:53:11,1.018839286,0.974134948
19:53:11,1.012814286,0.980051903
19:53:12,1.019207143,0.979377163
19:53:13,1.024189286,0.976955017
19:53:14,1.013178571,0.984446367
19:53:15,1.015364286,0.984429066
19:53:16,1.004182143,0.992128028
19:53:17,1.015,1.004913495
19:53:18,1.014271429,0.99683391
19:53:19,1.014271429,0.999117647
19:53:20,1.014271429,0.995207612
19:53:21,1.018107143,1.002249135
19:53:22,1.009746429,0.9983391
19:53:23,1.014271429,1.005051903
19:53:24,1.013907143,1.017612457
19:53:25,1.003460714,1.013927336
19:53:26,1.013178571,1.004775087
19:53:27,1.009021429,1.007387543
19:53:28,1.014271429,1.012906574
19:53:29,1.010107143,1.01032872
19:53:30,1.010107143,1.006574394
19:53:31,1.008296429,1.016055363
19:53:32,1.012814286,1.012076125
19:53:33,1.015,1.021470588
19:53:34,1.010107143,1.011730104
19:53:35,1.022717857,1.015363322
19:53:36,1.009021429,1.015536332
19:53:37,1.013907143,1.013252595
19:53:38,1.013907143,1.011695502
19:53:39,1.007210714,1.010813149
19:53:40,1.013542857,1.00633218
19:53:41,1.008296429,1.010467128
19:53:42,1.019939286,1.012214533
19:53:43,1.008660714,1.012560554
19:53:44,1.019207143,1.007906574
19:53:45,1.014635714,1.012733564
19:53:46,1.007935714,1.013079585
19:53:47,1.019939286,1.00449827
19:53:48,1.018839286,1.012906574
19:53:49,1.024189286,1.001730104
19:53:50,1.003821429,0.998615917
19:53:51,1.009021429,1.00216263
19:53:52,1.008296429,1.001643599
19:53:53,1.004903571,1.001989619
19:53:54,1.025292857,1.000432526
19:53:55,1.020303571,1.015657439
19:53:56,1.020303571,1.003200692
19:53:56,1.018839286,1.010467128
19:53:57,1.010107143,1.009809689
19:53:58,1.019939286,1.017629758
19:53:59,1.014271429,1.017456747
19:54:00,1.019571429,1.020761246
19:54:01,1.014271429,1.025276817
19:54:02,1.020303571,1.031782007
19:54:03,1.008296429,1.031020761
19:54:04,1.015,1.035795848
19:54:05,1.018107143,1.038581315
19:54:06,1.024189286,1.03449827
19:54:07,1.013907143,1.040155709
19:54:08,1.013907143,1.039290657
19:54:09,1.019571429,1.037889273
19:54:10,1.019207143,1.030847751
19:54:11,1.015,1.030847751
19:54:12,1.014271429,1.034221453
19:54:13,1.016457143,1.028408304
19:54:14,1.015364286,1.01766436
19:54:15,1.014271429,1.021972318
19:54:16,1.010471429,1.030553633
19:54:17,1.014635714,1.027404844
19:54:18,1.020667857,1.016262976
19:54:19,1.014271429,1.010899654
19:54:20,1.010107143,1.012076125
19:54:21,1.016457143,1.016211073
19:54:22,1.015364286,1.001989619
19:54:23,1.015364286,0.996262976
19:54:24,1.005625,0.993477509
19:54:25,1.015364286,1.000242215
19:54:26,1.015364286,0.9933391
19:54:27,1.013907143,0.983044983
19:54:28,1.010107143,0.98583045
19:54:29,1.015728571,0.979930796
19:54:30,1.014635714,0.994273356
19:54:31,1.026764286,0.992508651
19:54:32,1.015728571,0.984429066
19:54:33,1.010832143,0.98200692
19:54:34,1.015728571,0.985484429
19:54:35,1.015364286,0.975432526
19:54:36,1.009382143,0.976782007
19:54:37,1.016092857,0.97849481
19:54:38,1.020667857,0.970882353
19:54:39,1.014271429,0.964878893
19:54:40,1.016457143,0.96349481
19:54:41,1.011921429,0.962802768
19:54:41,1.016092857,0.973079585
19:54:42,1.009021429,0.979878893
19:54:43,1.016457143,0.971747405
19:54:44,1.004182143,0.980778547
19:54:45,1.016817857,0.981989619
19:54:46,1.009021429,0.982698962
19:54:47,1.010832143,0.988633218
19:54:48,1.014635714,0.992301038
19:54:49,1.016817857,0.983737024
19:54:50,1.013907143,0.987024221
19:54:51,1.016457143,0.992785467
19:54:52,1.016817857,0.99399654
19:54:55,1.0214,0.987024221
19:55:02,1.020303571,0.992785467
19:55:08,1.016817857,1.00399654
19:55:10,1.027128571,1.000155709
19:55:12,1.016092857,1.001643599
19:55:14,1.016457143,0.987906574
19:55:16,1.020303571,0.994619377
19:55:18,1.017182143,0.990380623
19:55:20,1.011196429,0.98982699
19:55:22,1.015,0.995207612
19:55:24,1.016817857,1.006211073
19:55:25,1.0214,1.00783737
19:55:27,1.020303571,1.005294118
19:55:28,1.016817857,1.003737024
19:55:30,1.027128571,1.005640138
19:55:32,1.016092857,1.006678201
19:55:33,1.016457143,1.016920415
19:55:34,1.020303571,1.006851211
19:55:36,1.017182143,1.007024221
19:55:38,1.011196429,1.007560554
19:55:39,1.017182143,1.008598616
19:55:40,1.022864286,1.01849481
19:55:41,1.014635714,1.005363322
19:55:42,1.016457143,1.022179931
19:55:43,1.015,1.019377163
19:55:44,1.017546429,1.009515571
19:55:45,1.012282143,1.014861592
19:55:46,1.017910714,1.020069204
19:55:47,1.015728571,1.014861592
19:55:48,1.010471429,1.013287197
19:55:49,1.021767857,1.012941176
19:55:50,1.012642857,1.014152249
19:55:51,1.017910714,1.01884083
19:55:52,1.027864286,1.014861592
19:55:53,1.022132143,1.015034602
19:55:54,1.017182143,1.012110727
19:55:55,1.016817857,1.023044983
19:55:56,1.012642857,1.019550173
19:55:57,1.017182143,1.020934256
19:55:58,1.011921429,1.023391003
19:55:59,1.028232143,1.024965398
19:56:00,1.011921429,1.023910035
19:56:01,1.022132143,1.023391003
19:56:02,1.0225,1.019723183
19:56:03,1.018639286,1.020415225
19:56:04,1.021035714,1.02600346
19:56:05,1.017182143,1.035588235
19:56:06,1.011921429,1.02600346
19:56:07,1.012282143,1.020415225
19:56:08,1.007067857,1.016782007
19:56:09,1.0225,1.03200692
19:56:10,1.027128571,1.031297578
19:56:10,1.016457143,1.016955017
19:56:11,1.026764286,1.027750865
19:56:12,1.017182143,1.02233564
19:56:13,1.027128571,1.026539792
19:56:14,1.011921429,1.030778547
19:56:15,1.015364286,1.015570934
19:56:16,1.018275,1.019204152
19:56:17,1.022132143,1.022508651
19:56:18,1.021767857,1.026747405
19:56:19,1.017546429,1.016418685
19:56:20,1.027864286,1.016574394
19:56:21,1.017182143,1.013425606
19:56:22,1.012282143,1.020951557
19:56:23,1.017182143,1.007318339
19:56:24,1.018275,0.999031142
19:56:25,1.022864286,0.999290657
19:56:26,1.017910714,0.989307958
19:56:27,1.016817857,0.987214533
19:56:28,1.027496429,0.985121107
19:56:29,1.018639286,0.986712803
19:56:30,1.012282143,0.986193772
19:56:31,1.012642857,0.984792388
19:56:32,1.022132143,0.980432526
19:56:33,1.023596429,0.984792388
19:56:34,1.022132143,0.979048443
19:56:35,1.022864286,0.986539792
19:56:36,1.019732143,0.978702422
19:56:37,1.026396429,0.979567474
19:56:38,1.018275,0.980069204
19:56:39,1.018639286,0.974705882
19:56:40,1.024328571,0.972958478
19:56:41,1.023228571,0.976574394
19:56:42,1.017910714,0.96816609
19:56:43,1.018275,0.971574394
19:56:44,1.018639286,0.971747405
19:56:45,1.033285714,0.972093426
19:56:46,1.012282143,0.968685121
19:56:47,1.023228571,0.984273356
19:56:48,1.016817857,0.981297578
19:56:49,1.017182143,0.98216263
19:56:50,1.017546429,0.990415225
19:56:51,1.013367857,0.98583045
19:56:52,1.019367857,0.997958478
19:56:53,1.028232143,0.991384083
19:56:54,1.021035714,1.002249135
19:56:55,1.024328571,1.004878893
19:56:55,1.0225,1.009948097
19:56:56,1.017546429,1.009290657
19:56:57,1.022132143,1.017283737
19:56:58,1.018275,1.021643599
19:56:59,1.013732143,1.025138408
19:57:00,1.017910714,1.022508651
19:57:01,1.031439286,1.032889273
19:57:02,1.022864286,1.025276817
19:57:03,1.0286,1.025103806
19:57:04,1.013367857,1.024065744
19:57:05,1.017910714,1.020242215
19:57:06,1.018275,1.024238754
19:57:07,1.013007143,1.030034602
19:57:08,1.022864286,1.035865052
19:57:09,1.027864286,1.026851211
19:57:10,1.023228571,1.039031142
19:57:11,1.018639286,1.039377163
19:57:12,1.027864286,1.024740484
19:57:13,1.013367857,1.031020761
19:57:14,1.023228571,1.034913495
19:57:15,1.013007143,1.024048443
19:57:16,1.018639286,1.028235294
19:57:17,1.026764286,1.038148789
19:57:18,1.017910714,1.031955017
19:57:19,1.021767857,1.025640138
19:57:20,1.019003571,1.025640138
19:57:21,1.013732143,1.021626298
19:57:22,1.013367857,1.027370242
19:57:23,1.023228571,1.039031142
19:57:24,1.018275,1.03067474
19:57:25,1.026396429,1.035795848
19:57:26,1.017182143,1.031366782
19:57:27,1.022132143,1.040951557
19:57:28,1.008510714,1.031712803
19:57:29,1.017910714,1.035622837
19:57:30,1.018275,1.028927336
19:57:31,1.016817857,1.032647059
19:57:32,1.022864286,1.024238754
19:57:33,1.022132143,1.026712803
19:57:34,1.017910714,1.029204152
19:57:35,1.022132143,1.016937716
19:57:36,1.016457143,1.017629758
19:57:37,1.027864286,1.009463668
19:57:38,1.016457143,1.001730104
19:57:39,1.017910714,1.013927336
19:57:40,1.011196429,1.008373702
19:57:40,1.021767857,1.008546713
19:57:41,1.020667857,1.00783737
19:57:42,1.013367857,1.008027682
19:57:43,1.011921429,1.014636678
19:57:44,1.021035714,1.01115917
19:57:45,1.016817857,1.000692042
19:57:46,1.017546429,1.007387543
19:57:47,1.017910714,1.022197232
19:57:48,1.016817857,1.013788927
19:57:49,1.022132143,1.008944637
19:57:50,1.019732143,1.012076125
19:57:51,1.018639286,1.018148789
19:57:52,1.017910714,1.004913495
19:57:53,1.017182143,1.016591696
19:57:54,1.016817857,1.01816609
19:57:55,1.021767857,1.024619377
19:57:56,1.026764286,1.025138408
19:57:57,1.017910714,1.032525952
19:57:58,1.012282143,1.024238754
19:57:59,1.017910714,1.030726644
19:58:00,1.017546429,1.031245675
19:58:01,1.012282143,1.029463668
19:58:02,1.0214,1.03050173
19:58:03,1.016817857,1.025432526
19:58:04,1.027128571,1.029809689
19:58:05,1.018275,1.0366609
19:58:06,1.013007143,1.042543253
19:58:07,1.0214,1.029636678
19:58:08,1.028232143,1.034567474
19:58:09,1.014092857,1.032474048
19:58:10,1.0225,1.024411765
19:58:11,1.013007143,1.019550173
19:58:12,1.016092857,1.020588235
19:58:13,1.0225,1.012249135
19:58:14,1.019003571,1.007024221
19:58:15,1.00815,1.008546713
19:58:16,1.022132143,1.006799308
19:58:17,1.020667857,0.999031142
19:58:18,1.017546429,1.011072664
19:58:19,1.013007143,1.000155709
19:58:20,1.011921429,0.999636678
19:58:21,1.011921429,0.992612457
19:58:22,1.013732143,0.990519031
19:58:23,1.019367857,0.994221453
19:58:24,1.011921429,0.990034602
19:58:25,1.019003571,0.986366782
19:58:25,1.019003571,0.984619377
19:58:26,1.018639286,0.977128028
19:58:27,1.018275,0.980242215
19:58:28,1.028232143,0.983564014
19:58:29,1.013367857,0.970588235
19:58:30,1.013367857,0.980951557
19:58:31,1.017910714,0.983737024
19:58:32,1.019367857,0.992698962
19:58:33,1.028232143,0.984256055
19:58:34,1.0286,0.997439446
19:58:35,1.018639286,0.98982699
19:58:36,1.009592857,0.992785467
19:58:37,1.013007143,1.00050173
19:58:38,1.018275,0.997474048
19:58:39,1.017182143,0.999377163
19:58:40,1.019732143,1.000951557
19:58:41,1.021035714,0.999723183
19:58:42,1.017546429,1.003304498
19:58:43,1.023228571,1.002958478
19:58:44,1.023596429,1.00550173
19:58:45,1.023596429,0.993477509
19:58:46,1.024692857,1.010865052
19:58:47,1.019367857,0.992820069
19:58:48,1.017910714,0.990034602
19:58:49,1.018275,0.98183391
19:58:50,1.018639286,0.989705882
19:58:51,1.017910714,0.976782007
19:58:52,1.018639286,0.971453287
19:58:53,1.019367857,0.979896194
19:58:54,1.013732143,0.974878893
19:58:55,1.013367857,0.979723183
19:58:56,1.023960714,0.98567474
19:58:57,1.023596429,0.9683391
19:58:58,1.019003571,0.976747405
19:58:59,1.023596429,0.978477509
19:59:00,1.019003571,0.966868512
19:59:01,1.028232143,0.969775087
19:59:02,1.019367857,0.9616609
19:59:03,1.022864286,0.965570934
19:59:04,1.017546429,0.964705882
19:59:05,1.023596429,0.964878893
19:59:06,1.013007143,0.955882353
19:59:07,1.023596429,0.961141869
19:59:08,1.013367857,0.965138408
19:59:09,1.019367857,0.971695502
19:59:10,1.019367857,0.97017301
19:59:10,1.018639286,0.971747405
19:59:11,1.018275,0.986366782
19:59:12,1.014092857,0.984619377
19:59:13,1.024692857,0.984792388
19:59:14,1.018275,0.989152249
19:59:15,1.023960714,0.99532872
19:59:16,1.017546429,0.992647059
19:59:17,1.029335714,0.994221453
19:59:18,1.018639286,0.985986159
19:59:19,1.019003571,0.992249135
19:59:20,1.017546429,0.998062284
19:59:21,1.023960714,0.992422145
19:59:22,1.018639286,1.002525952
19:59:23,1.018275,0.998062284
19:59:24,1.019367857,0.992249135
19:59:25,1.029335714,1.005968858
19:59:26,1.0286,0.994913495
19:59:27,1.014092857,0.999705882
19:59:28,1.017182143,0.99683391
19:59:29,1.023960714,0.997889273
19:59:30,1.018639286,0.989100346
19:59:31,1.033653571,1.003131488
19:59:32,1.018275,1.004532872
19:59:33,1.018275,1.005570934
19:59:34,1.027128571,1.006972318
19:59:35,1.017182143,1.008892734
19:59:36,1.013007143,1.01884083
19:59:37,1.018639286,1.010467128
19:59:38,1.0214,1.015155709
19:59:39,1.016457143,1.016557093
19:59:40,1.018639286,1.008079585
19:59:41,1.017910714,1.012906574
19:59:42,1.013367857,1.005882353
19:59:43,1.019367857,1.016574394
19:59:44,1.014457143,1.013806228
19:59:45,1.017546429,1.020242215
19:59:46,1.017546429,1.019031142
19:59:47,1.019003571,1.030432526
19:59:48,1.023960714,1.027923875
19:59:49,1.017182143,1.024584775
19:59:50,1.018275,1.035346021
19:59:51,1.029335714,1.041418685
19:59:52,1.0225,1.024584775
19:59:53,1.023228571,1.030553633
19:59:54,1.012642857,1.033581315
19:59:55,1.022864286,1.023200692
19:59:55,1.017546429,1.027404844
19:59:56,1.016092857,1.029204152
19:59:57,1.018639286,1.0183391
19:59:58,1.023596429,1.014688581
19:59:59,1.013732143,1.013806228
20:00:00,1.017182143,1.011730104